,0
0,001_FLAIR18_mask.png
1,001_FLAIR19_mask.png
2,001_FLAIR20_mask.png
3,001_FLAIR21_mask.png
4,002_FLAIR21_mask.png
5,002_FLAIR22_mask.png
6,002_FLAIR23_mask.png
7,003_FLAIR13_mask.png
8,003_FLAIR14_mask.png
9,003_FLAIR15_mask.png
10,003_FLAIR16_mask.png
11,003_FLAIR17_mask.png
12,003_FLAIR18_mask.png
13,003_FLAIR19_mask.png
14,003_FLAIR20_mask.png
15,003_FLAIR21_mask.png
16,003_FLAIR22_mask.png
17,003_FLAIR23_mask.png
18,003_FLAIR24_mask.png
19,003_FLAIR25_mask.png
20,003_FLAIR26_mask.png
21,004_FLAIR15_mask.png
22,004_FLAIR16_mask.png
23,004_FLAIR17_mask.png
24,004_FLAIR18_mask.png
25,004_FLAIR19_mask.png
26,004_FLAIR20_mask.png
27,004_FLAIR21_mask.png
28,004_FLAIR22_mask.png
29,004_FLAIR23_mask.png
30,004_FLAIR24_mask.png
31,004_FLAIR25_mask.png
32,005_FLAIR13_mask.png
33,005_FLAIR14_mask.png
34,005_FLAIR15_mask.png
35,005_FLAIR16_mask.png
36,005_FLAIR17_mask.png
37,005_FLAIR18_mask.png
38,005_FLAIR19_mask.png
39,006_FLAIR10_mask.png
40,006_FLAIR11_mask.png
41,006_FLAIR12_mask.png
42,006_FLAIR13_mask.png
43,006_FLAIR14_mask.png
44,006_FLAIR15_mask.png
45,006_FLAIR16_mask.png
46,006_FLAIR17_mask.png
47,006_FLAIR18_mask.png
48,006_FLAIR19_mask.png
49,006_FLAIR20_mask.png
50,006_FLAIR21_mask.png
51,006_FLAIR22_mask.png
52,006_FLAIR23_mask.png
53,006_FLAIR24_mask.png
54,007_FLAIR11_mask.png
55,007_FLAIR12_mask.png
56,007_FLAIR13_mask.png
57,007_FLAIR14_mask.png
58,007_FLAIR15_mask.png
59,007_FLAIR16_mask.png
60,007_FLAIR17_mask.png
61,007_FLAIR18_mask.png
62,007_FLAIR19_mask.png
63,007_FLAIR20_mask.png
64,007_FLAIR21_mask.png
65,007_FLAIR22_mask.png
66,007_FLAIR23_mask.png
67,007_FLAIR24_mask.png
68,008_FLAIR16_mask.png
69,009_FLAIR13_mask.png
70,009_FLAIR14_mask.png
71,009_FLAIR15_mask.png
72,009_FLAIR19_mask.png
73,009_FLAIR20_mask.png
74,009_FLAIR21_mask.png
75,009_FLAIR22_mask.png
76,009_FLAIR23_mask.png
77,009_FLAIR24_mask.png
78,009_FLAIR25_mask.png
79,010_FLAIR10_mask.png
80,010_FLAIR11_mask.png
81,010_FLAIR12_mask.png
82,010_FLAIR13_mask.png
83,010_FLAIR14_mask.png
84,010_FLAIR15_mask.png
85,010_FLAIR16_mask.png
86,010_FLAIR17_mask.png
87,010_FLAIR18_mask.png
88,010_FLAIR19_mask.png
89,010_FLAIR20_mask.png
90,010_FLAIR21_mask.png
91,011_FLAIR10_mask.png
92,011_FLAIR11_mask.png
93,011_FLAIR12_mask.png
94,011_FLAIR13_mask.png
95,011_FLAIR14_mask.png
96,011_FLAIR15_mask.png
97,011_FLAIR16_mask.png
98,011_FLAIR17_mask.png
99,011_FLAIR18_mask.png
100,011_FLAIR19_mask.png
101,011_FLAIR20_mask.png
102,011_FLAIR21_mask.png
103,012_FLAIR11_mask.png
104,012_FLAIR12_mask.png
105,012_FLAIR13_mask.png
106,012_FLAIR14_mask.png
107,012_FLAIR15_mask.png
108,012_FLAIR16_mask.png
109,012_FLAIR17_mask.png
110,012_FLAIR22_mask.png
111,013_FLAIR11_mask.png
112,013_FLAIR12_mask.png
113,013_FLAIR13_mask.png
114,013_FLAIR14_mask.png
115,013_FLAIR15_mask.png
116,013_FLAIR16_mask.png
117,013_FLAIR17_mask.png
118,013_FLAIR18_mask.png
119,013_FLAIR19_mask.png
120,013_FLAIR20_mask.png
121,013_FLAIR21_mask.png
122,013_FLAIR22_mask.png
123,013_FLAIR23_mask.png
124,014_FLAIR11_mask.png
125,014_FLAIR12_mask.png
126,014_FLAIR13_mask.png
127,014_FLAIR14_mask.png
128,014_FLAIR15_mask.png
129,014_FLAIR16_mask.png
130,014_FLAIR17_mask.png
131,014_FLAIR18_mask.png
132,014_FLAIR19_mask.png
133,014_FLAIR20_mask.png
134,015_FLAIR10_mask.png
135,015_FLAIR11_mask.png
136,015_FLAIR12_mask.png
137,015_FLAIR13_mask.png
138,015_FLAIR14_mask.png
139,015_FLAIR15_mask.png
140,015_FLAIR16_mask.png
141,015_FLAIR17_mask.png
142,015_FLAIR18_mask.png
143,015_FLAIR19_mask.png
144,016_FLAIR10_mask.png
145,016_FLAIR11_mask.png
146,016_FLAIR20_mask.png
147,016_FLAIR21_mask.png
148,017_FLAIR11_mask.png
149,017_FLAIR12_mask.png
150,017_FLAIR13_mask.png
151,017_FLAIR14_mask.png
152,017_FLAIR15_mask.png
153,017_FLAIR16_mask.png
154,017_FLAIR17_mask.png
155,017_FLAIR18_mask.png
156,017_FLAIR19_mask.png
157,017_FLAIR20_mask.png
158,017_FLAIR21_mask.png
159,017_FLAIR22_mask.png
160,018_FLAIR12_mask.png
161,018_FLAIR13_mask.png
162,018_FLAIR14_mask.png
163,018_FLAIR15_mask.png
164,018_FLAIR16_mask.png
165,018_FLAIR17_mask.png
166,018_FLAIR18_mask.png
167,018_FLAIR19_mask.png
168,018_FLAIR20_mask.png
169,018_FLAIR22_mask.png
170,019_FLAIR12_mask.png
171,019_FLAIR13_mask.png
172,019_FLAIR14_mask.png
173,019_FLAIR15_mask.png
174,019_FLAIR16_mask.png
175,019_FLAIR17_mask.png
176,019_FLAIR18_mask.png
177,019_FLAIR19_mask.png
178,019_FLAIR20_mask.png
179,019_FLAIR21_mask.png
180,019_FLAIR22_mask.png
181,019_FLAIR23_mask.png
182,019_FLAIR24_mask.png
183,019_FLAIR25_mask.png
184,019_FLAIR26_mask.png
185,019_FLAIR27_mask.png
186,020_FLAIR10_mask.png
187,020_FLAIR11_mask.png
188,020_FLAIR12_mask.png
189,020_FLAIR13_mask.png
190,020_FLAIR14_mask.png
191,020_FLAIR15_mask.png
192,020_FLAIR16_mask.png
193,020_FLAIR17_mask.png
194,020_FLAIR18_mask.png
195,020_FLAIR19_mask.png
196,020_FLAIR20_mask.png
197,020_FLAIR21_mask.png
198,020_FLAIR22_mask.png
199,020_FLAIR23_mask.png
200,020_FLAIR24_mask.png
201,021_FLAIR13_mask.png
202,021_FLAIR14_mask.png
203,021_FLAIR15_mask.png
204,021_FLAIR16_mask.png
205,021_FLAIR17_mask.png
206,021_FLAIR18_mask.png
207,021_FLAIR19_mask.png
208,021_FLAIR20_mask.png
209,021_FLAIR21_mask.png
210,022_FLAIR10_mask.png
211,022_FLAIR11_mask.png
212,022_FLAIR12_mask.png
213,022_FLAIR13_mask.png
214,022_FLAIR14_mask.png
215,022_FLAIR15_mask.png
216,022_FLAIR16_mask.png
217,022_FLAIR17_mask.png
218,022_FLAIR18_mask.png
219,022_FLAIR19_mask.png
220,022_FLAIR20_mask.png
221,023_FLAIR10_mask.png
222,023_FLAIR11_mask.png
223,023_FLAIR12_mask.png
224,023_FLAIR13_mask.png
225,023_FLAIR14_mask.png
226,023_FLAIR15_mask.png
227,023_FLAIR16_mask.png
228,023_FLAIR17_mask.png
229,023_FLAIR18_mask.png
230,023_FLAIR19_mask.png
231,023_FLAIR20_mask.png
232,023_FLAIR21_mask.png
233,024_FLAIR10_mask.png
234,024_FLAIR11_mask.png
235,024_FLAIR12_mask.png
236,024_FLAIR13_mask.png
237,024_FLAIR14_mask.png
238,024_FLAIR15_mask.png
239,024_FLAIR16_mask.png
240,024_FLAIR17_mask.png
241,024_FLAIR18_mask.png
242,024_FLAIR19_mask.png
243,024_FLAIR20_mask.png
244,025_FLAIR11_mask.png
245,025_FLAIR12_mask.png
246,025_FLAIR13_mask.png
247,025_FLAIR14_mask.png
248,025_FLAIR15_mask.png
249,025_FLAIR16_mask.png
250,025_FLAIR17_mask.png
251,025_FLAIR18_mask.png
252,025_FLAIR19_mask.png
253,026_FLAIR14_mask.png
254,026_FLAIR15_mask.png
255,026_FLAIR16_mask.png
256,026_FLAIR17_mask.png
257,026_FLAIR18_mask.png
258,026_FLAIR19_mask.png
259,026_FLAIR24_mask.png
260,026_FLAIR25_mask.png
261,028_FLAIR14_mask.png
262,028_FLAIR15_mask.png
263,028_FLAIR16_mask.png
264,028_FLAIR17_mask.png
265,028_FLAIR18_mask.png
266,028_FLAIR19_mask.png
267,028_FLAIR20_mask.png
268,028_FLAIR21_mask.png
269,028_FLAIR22_mask.png
270,028_FLAIR23_mask.png
271,028_FLAIR24_mask.png
272,028_FLAIR25_mask.png
273,028_FLAIR26_mask.png
274,028_FLAIR27_mask.png
275,029_FLAIR13_mask.png
276,029_FLAIR14_mask.png
277,029_FLAIR15_mask.png
278,029_FLAIR16_mask.png
279,029_FLAIR17_mask.png
280,029_FLAIR18_mask.png
281,029_FLAIR19_mask.png
282,029_FLAIR20_mask.png
283,029_FLAIR21_mask.png
284,029_FLAIR22_mask.png
285,029_FLAIR23_mask.png
286,029_FLAIR24_mask.png
287,029_FLAIR25_mask.png
288,030_FLAIR14_mask.png
289,030_FLAIR15_mask.png
290,030_FLAIR16_mask.png
291,030_FLAIR17_mask.png
292,030_FLAIR18_mask.png
293,030_FLAIR19_mask.png
294,030_FLAIR20_mask.png
295,030_FLAIR21_mask.png
296,030_FLAIR22_mask.png
297,030_FLAIR23_mask.png
298,030_FLAIR24_mask.png
299,030_FLAIR25_mask.png
300,031_FLAIR10_mask.png
301,031_FLAIR11_mask.png
302,031_FLAIR12_mask.png
303,031_FLAIR13_mask.png
304,031_FLAIR14_mask.png
305,031_FLAIR15_mask.png
306,031_FLAIR16_mask.png
307,031_FLAIR17_mask.png
308,031_FLAIR18_mask.png
309,031_FLAIR19_mask.png
310,031_FLAIR20_mask.png
311,031_FLAIR21_mask.png
312,031_FLAIR22_mask.png
313,031_FLAIR23_mask.png
314,032_FLAIR14_mask.png
315,032_FLAIR15_mask.png
316,032_FLAIR16_mask.png
317,032_FLAIR17_mask.png
318,032_FLAIR18_mask.png
319,032_FLAIR19_mask.png
320,032_FLAIR20_mask.png
321,032_FLAIR21_mask.png
322,032_FLAIR22_mask.png
323,033_FLAIR13_mask.png
324,033_FLAIR14_mask.png
325,033_FLAIR15_mask.png
326,033_FLAIR16_mask.png
327,033_FLAIR17_mask.png
328,033_FLAIR18_mask.png
329,033_FLAIR19_mask.png
330,033_FLAIR20_mask.png
331,033_FLAIR21_mask.png
332,033_FLAIR22_mask.png
333,033_FLAIR23_mask.png
334,033_FLAIR24_mask.png
335,033_FLAIR25_mask.png
336,033_FLAIR26_mask.png
337,033_FLAIR27_mask.png
338,034_FLAIR10_mask.png
339,034_FLAIR11_mask.png
340,034_FLAIR12_mask.png
341,034_FLAIR13_mask.png
342,034_FLAIR14_mask.png
343,034_FLAIR15_mask.png
344,034_FLAIR16_mask.png
345,034_FLAIR17_mask.png
346,034_FLAIR18_mask.png
347,034_FLAIR19_mask.png
348,034_FLAIR20_mask.png
349,034_FLAIR21_mask.png
350,034_FLAIR22_mask.png
351,034_FLAIR23_mask.png
352,035_FLAIR10_mask.png
353,035_FLAIR11_mask.png
354,035_FLAIR12_mask.png
355,035_FLAIR13_mask.png
356,035_FLAIR14_mask.png
357,036_FLAIR10_mask.png
358,036_FLAIR11_mask.png
359,036_FLAIR12_mask.png
360,036_FLAIR13_mask.png
361,037_FLAIR10_mask.png
362,037_FLAIR11_mask.png
363,037_FLAIR14_mask.png
364,037_FLAIR15_mask.png
365,037_FLAIR16_mask.png
366,037_FLAIR17_mask.png
367,037_FLAIR20_mask.png
368,037_FLAIR21_mask.png
369,038_FLAIR15_mask.png
370,038_FLAIR16_mask.png
371,038_FLAIR17_mask.png
372,038_FLAIR18_mask.png
373,038_FLAIR19_mask.png
374,038_FLAIR20_mask.png
375,039_FLAIR11_mask.png
376,039_FLAIR12_mask.png
377,039_FLAIR13_mask.png
378,039_FLAIR14_mask.png
379,039_FLAIR15_mask.png
380,039_FLAIR16_mask.png
381,039_FLAIR17_mask.png
382,039_FLAIR18_mask.png
383,039_FLAIR19_mask.png
384,039_FLAIR20_mask.png
385,039_FLAIR21_mask.png
386,039_FLAIR22_mask.png
387,040_FLAIR15_mask.png
388,040_FLAIR16_mask.png
389,040_FLAIR17_mask.png
390,040_FLAIR18_mask.png
391,040_FLAIR19_mask.png
392,040_FLAIR20_mask.png
393,040_FLAIR21_mask.png
394,040_FLAIR22_mask.png
395,041_FLAIR10_mask.png
396,041_FLAIR11_mask.png
397,041_FLAIR12_mask.png
398,041_FLAIR13_mask.png
399,041_FLAIR14_mask.png
400,041_FLAIR15_mask.png
401,041_FLAIR16_mask.png
402,041_FLAIR17_mask.png
403,041_FLAIR18_mask.png
404,041_FLAIR19_mask.png
405,041_FLAIR20_mask.png
406,041_FLAIR21_mask.png
407,041_FLAIR22_mask.png
408,041_FLAIR23_mask.png
409,041_FLAIR24_mask.png
410,042_FLAIR10_mask.png
411,042_FLAIR14_mask.png
412,042_FLAIR15_mask.png
413,042_FLAIR16_mask.png
414,042_FLAIR17_mask.png
415,042_FLAIR18_mask.png
416,042_FLAIR19_mask.png
417,042_FLAIR20_mask.png
418,042_FLAIR21_mask.png
419,042_FLAIR22_mask.png
420,042_FLAIR23_mask.png
421,043_FLAIR11_mask.png
422,043_FLAIR12_mask.png
423,043_FLAIR13_mask.png
424,043_FLAIR14_mask.png
425,043_FLAIR15_mask.png
426,043_FLAIR16_mask.png
427,043_FLAIR17_mask.png
428,043_FLAIR18_mask.png
429,043_FLAIR19_mask.png
430,043_FLAIR20_mask.png
431,043_FLAIR21_mask.png
432,043_FLAIR22_mask.png
433,044_FLAIR13_mask.png
434,044_FLAIR15_mask.png
435,044_FLAIR16_mask.png
436,044_FLAIR17_mask.png
437,044_FLAIR18_mask.png
438,044_FLAIR19_mask.png
439,044_FLAIR20_mask.png
440,044_FLAIR21_mask.png
441,044_FLAIR22_mask.png
442,044_FLAIR23_mask.png
443,045_FLAIR11_mask.png
444,045_FLAIR12_mask.png
445,045_FLAIR14_mask.png
446,045_FLAIR15_mask.png
447,045_FLAIR16_mask.png
448,045_FLAIR17_mask.png
449,045_FLAIR18_mask.png
450,045_FLAIR19_mask.png
451,045_FLAIR20_mask.png
452,045_FLAIR21_mask.png
453,045_FLAIR22_mask.png
454,045_FLAIR24_mask.png
455,046_FLAIR13_mask.png
456,046_FLAIR14_mask.png
457,046_FLAIR15_mask.png
458,046_FLAIR16_mask.png
459,046_FLAIR17_mask.png
460,046_FLAIR18_mask.png
461,046_FLAIR19_mask.png
462,046_FLAIR20_mask.png
463,046_FLAIR21_mask.png
464,047_FLAIR12_mask.png
465,047_FLAIR13_mask.png
466,047_FLAIR14_mask.png
467,047_FLAIR15_mask.png
468,047_FLAIR16_mask.png
469,047_FLAIR17_mask.png
470,047_FLAIR18_mask.png
471,047_FLAIR19_mask.png
472,047_FLAIR20_mask.png
473,047_FLAIR21_mask.png
474,047_FLAIR22_mask.png
475,047_FLAIR23_mask.png
476,047_FLAIR24_mask.png
477,048_FLAIR13_mask.png
478,048_FLAIR14_mask.png
479,048_FLAIR15_mask.png
480,048_FLAIR16_mask.png
481,048_FLAIR17_mask.png
482,048_FLAIR18_mask.png
483,048_FLAIR19_mask.png
484,048_FLAIR20_mask.png
485,048_FLAIR21_mask.png
486,048_FLAIR22_mask.png
487,048_FLAIR23_mask.png
488,049_FLAIR10_mask.png
489,049_FLAIR11_mask.png
490,049_FLAIR12_mask.png
491,049_FLAIR13_mask.png
492,049_FLAIR14_mask.png
493,049_FLAIR15_mask.png
494,049_FLAIR16_mask.png
495,049_FLAIR17_mask.png
496,049_FLAIR18_mask.png
497,050_FLAIR10_mask.png
498,050_FLAIR11_mask.png
499,051_FLAIR10_mask.png
500,051_FLAIR11_mask.png
501,051_FLAIR12_mask.png
502,051_FLAIR13_mask.png
503,051_FLAIR14_mask.png
504,051_FLAIR15_mask.png
505,051_FLAIR16_mask.png
506,051_FLAIR17_mask.png
507,051_FLAIR18_mask.png
508,051_FLAIR19_mask.png
509,051_FLAIR20_mask.png
510,051_FLAIR21_mask.png
