,0
0,064_FLAIR23_mask.png
1,064_FLAIR24_mask.png
2,066_FLAIR29_mask.png
3,066_FLAIR30_mask.png
4,066_FLAIR31_mask.png
5,066_FLAIR32_mask.png
6,066_FLAIR33_mask.png
7,066_FLAIR34_mask.png
8,066_FLAIR35_mask.png
9,066_FLAIR36_mask.png
10,066_FLAIR37_mask.png
11,067_FLAIR23_mask.png
12,067_FLAIR24_mask.png
13,067_FLAIR26_mask.png
14,067_FLAIR27_mask.png
15,067_FLAIR28_mask.png
16,067_FLAIR29_mask.png
17,067_FLAIR30_mask.png
18,067_FLAIR31_mask.png
19,067_FLAIR32_mask.png
20,067_FLAIR33_mask.png
21,067_FLAIR34_mask.png
22,067_FLAIR35_mask.png
23,067_FLAIR36_mask.png
24,067_FLAIR37_mask.png
25,067_FLAIR38_mask.png
26,067_FLAIR39_mask.png
27,067_FLAIR40_mask.png
28,067_FLAIR41_mask.png
29,068_FLAIR13_mask.png
30,068_FLAIR14_mask.png
31,068_FLAIR15_mask.png
32,068_FLAIR23_mask.png
33,068_FLAIR24_mask.png
34,068_FLAIR25_mask.png
35,068_FLAIR26_mask.png
36,068_FLAIR27_mask.png
37,068_FLAIR28_mask.png
38,068_FLAIR29_mask.png
39,069_FLAIR25_mask.png
40,069_FLAIR26_mask.png
41,069_FLAIR27_mask.png
42,069_FLAIR28_mask.png
43,069_FLAIR29_mask.png
44,069_FLAIR32_mask.png
45,069_FLAIR33_mask.png
46,069_FLAIR34_mask.png
47,069_FLAIR35_mask.png
48,070_FLAIR13_mask.png
49,070_FLAIR14_mask.png
50,070_FLAIR15_mask.png
51,070_FLAIR16_mask.png
52,070_FLAIR17_mask.png
53,070_FLAIR18_mask.png
54,070_FLAIR19_mask.png
55,070_FLAIR20_mask.png
56,070_FLAIR21_mask.png
57,070_FLAIR22_mask.png
58,070_FLAIR23_mask.png
59,070_FLAIR24_mask.png
60,070_FLAIR25_mask.png
61,070_FLAIR27_mask.png
62,070_FLAIR28_mask.png
63,071_FLAIR19_mask.png
64,071_FLAIR20_mask.png
65,071_FLAIR21_mask.png
66,071_FLAIR22_mask.png
67,071_FLAIR23_mask.png
68,071_FLAIR24_mask.png
69,071_FLAIR25_mask.png
70,071_FLAIR26_mask.png
71,071_FLAIR28_mask.png
72,071_FLAIR29_mask.png
73,071_FLAIR30_mask.png
74,071_FLAIR31_mask.png
75,071_FLAIR32_mask.png
76,071_FLAIR33_mask.png
77,071_FLAIR34_mask.png
78,071_FLAIR35_mask.png
79,071_FLAIR36_mask.png
80,071_FLAIR37_mask.png
81,071_FLAIR38_mask.png
82,072_FLAIR22_mask.png
83,072_FLAIR24_mask.png
84,072_FLAIR25_mask.png
85,072_FLAIR27_mask.png
86,072_FLAIR32_mask.png
87,072_FLAIR33_mask.png
88,073_FLAIR31_mask.png
89,073_FLAIR32_mask.png
90,073_FLAIR33_mask.png
91,073_FLAIR34_mask.png
92,073_FLAIR35_mask.png
93,073_FLAIR36_mask.png
94,073_FLAIR37_mask.png
95,074_FLAIR20_mask.png
96,074_FLAIR21_mask.png
97,074_FLAIR22_mask.png
98,074_FLAIR23_mask.png
99,074_FLAIR24_mask.png
100,074_FLAIR25_mask.png
101,074_FLAIR26_mask.png
102,074_FLAIR27_mask.png
103,074_FLAIR28_mask.png
104,074_FLAIR29_mask.png
105,074_FLAIR30_mask.png
106,074_FLAIR31_mask.png
107,074_FLAIR32_mask.png
108,074_FLAIR33_mask.png
109,074_FLAIR34_mask.png
110,074_FLAIR35_mask.png
111,074_FLAIR36_mask.png
112,074_FLAIR37_mask.png
113,074_FLAIR38_mask.png
114,075_FLAIR22_mask.png
115,075_FLAIR23_mask.png
116,075_FLAIR24_mask.png
117,075_FLAIR25_mask.png
118,075_FLAIR26_mask.png
119,075_FLAIR27_mask.png
120,075_FLAIR28_mask.png
121,075_FLAIR29_mask.png
122,075_FLAIR30_mask.png
123,075_FLAIR31_mask.png
124,075_FLAIR32_mask.png
125,075_FLAIR33_mask.png
126,075_FLAIR34_mask.png
127,075_FLAIR35_mask.png
128,075_FLAIR36_mask.png
129,075_FLAIR37_mask.png
130,075_FLAIR38_mask.png
131,076_FLAIR20_mask.png
132,076_FLAIR21_mask.png
133,076_FLAIR22_mask.png
134,076_FLAIR23_mask.png
135,076_FLAIR24_mask.png
136,076_FLAIR25_mask.png
137,076_FLAIR26_mask.png
138,076_FLAIR27_mask.png
139,076_FLAIR28_mask.png
140,076_FLAIR29_mask.png
141,076_FLAIR30_mask.png
142,076_FLAIR31_mask.png
143,076_FLAIR32_mask.png
144,076_FLAIR33_mask.png
145,076_FLAIR34_mask.png
146,076_FLAIR35_mask.png
147,076_FLAIR36_mask.png
148,077_FLAIR18_mask.png
149,077_FLAIR19_mask.png
150,077_FLAIR20_mask.png
151,077_FLAIR23_mask.png
152,077_FLAIR24_mask.png
153,077_FLAIR25_mask.png
154,077_FLAIR26_mask.png
155,077_FLAIR27_mask.png
156,077_FLAIR28_mask.png
157,077_FLAIR29_mask.png
158,077_FLAIR30_mask.png
159,077_FLAIR31_mask.png
160,077_FLAIR32_mask.png
161,077_FLAIR33_mask.png
162,077_FLAIR34_mask.png
163,077_FLAIR35_mask.png
164,077_FLAIR36_mask.png
165,077_FLAIR37_mask.png
166,078_FLAIR21_mask.png
167,078_FLAIR22_mask.png
168,078_FLAIR26_mask.png
169,078_FLAIR27_mask.png
170,078_FLAIR28_mask.png
171,078_FLAIR29_mask.png
172,078_FLAIR30_mask.png
173,078_FLAIR31_mask.png
174,078_FLAIR32_mask.png
175,078_FLAIR33_mask.png
176,078_FLAIR34_mask.png
177,078_FLAIR35_mask.png
178,078_FLAIR36_mask.png
179,079_FLAIR28_mask.png
180,079_FLAIR29_mask.png
181,079_FLAIR32_mask.png
182,079_FLAIR33_mask.png
183,079_FLAIR34_mask.png
184,079_FLAIR35_mask.png
185,080_FLAIR25_mask.png
186,080_FLAIR26_mask.png
187,080_FLAIR27_mask.png
188,080_FLAIR28_mask.png
189,080_FLAIR29_mask.png
190,080_FLAIR30_mask.png
191,080_FLAIR31_mask.png
192,080_FLAIR32_mask.png
193,080_FLAIR33_mask.png
194,080_FLAIR34_mask.png
195,080_FLAIR35_mask.png
196,080_FLAIR36_mask.png
197,081_FLAIR12_mask.png
198,081_FLAIR13_mask.png
199,081_FLAIR14_mask.png
200,081_FLAIR15_mask.png
201,081_FLAIR16_mask.png
202,081_FLAIR17_mask.png
203,081_FLAIR18_mask.png
204,081_FLAIR19_mask.png
205,081_FLAIR20_mask.png
206,081_FLAIR21_mask.png
207,081_FLAIR22_mask.png
208,081_FLAIR23_mask.png
209,081_FLAIR24_mask.png
210,081_FLAIR25_mask.png
211,081_FLAIR26_mask.png
212,081_FLAIR27_mask.png
213,081_FLAIR28_mask.png
214,081_FLAIR29_mask.png
215,081_FLAIR30_mask.png
216,081_FLAIR31_mask.png
217,081_FLAIR32_mask.png
218,081_FLAIR33_mask.png
219,084_FLAIR26_mask.png
220,084_FLAIR27_mask.png
221,084_FLAIR32_mask.png
222,084_FLAIR33_mask.png
223,084_FLAIR35_mask.png
224,084_FLAIR36_mask.png
225,085_FLAIR10_mask.png
226,085_FLAIR11_mask.png
227,085_FLAIR21_mask.png
228,085_FLAIR22_mask.png
229,085_FLAIR23_mask.png
230,085_FLAIR24_mask.png
231,085_FLAIR25_mask.png
232,085_FLAIR26_mask.png
233,085_FLAIR27_mask.png
234,085_FLAIR28_mask.png
235,085_FLAIR29_mask.png
236,085_FLAIR30_mask.png
237,085_FLAIR31_mask.png
238,085_FLAIR32_mask.png
239,085_FLAIR33_mask.png
240,085_FLAIR34_mask.png
241,085_FLAIR35_mask.png
242,085_FLAIR36_mask.png
243,085_FLAIR37_mask.png
244,085_FLAIR38_mask.png
245,086_FLAIR21_mask.png
246,086_FLAIR22_mask.png
247,086_FLAIR23_mask.png
248,086_FLAIR24_mask.png
249,086_FLAIR25_mask.png
250,086_FLAIR26_mask.png
251,086_FLAIR28_mask.png
252,086_FLAIR29_mask.png
253,086_FLAIR30_mask.png
254,086_FLAIR31_mask.png
255,086_FLAIR32_mask.png
256,086_FLAIR33_mask.png
257,086_FLAIR34_mask.png
258,086_FLAIR35_mask.png
259,086_FLAIR36_mask.png
260,086_FLAIR37_mask.png
261,086_FLAIR38_mask.png
262,086_FLAIR39_mask.png
263,088_FLAIR18_mask.png
264,088_FLAIR19_mask.png
265,088_FLAIR20_mask.png
266,088_FLAIR22_mask.png
267,088_FLAIR23_mask.png
268,088_FLAIR24_mask.png
269,088_FLAIR26_mask.png
270,088_FLAIR27_mask.png
271,088_FLAIR28_mask.png
272,088_FLAIR29_mask.png
273,088_FLAIR30_mask.png
274,088_FLAIR31_mask.png
275,088_FLAIR32_mask.png
276,089_FLAIR18_mask.png
277,089_FLAIR19_mask.png
278,089_FLAIR20_mask.png
279,089_FLAIR26_mask.png
280,089_FLAIR27_mask.png
281,089_FLAIR28_mask.png
282,089_FLAIR30_mask.png
283,089_FLAIR31_mask.png
284,089_FLAIR32_mask.png
285,089_FLAIR33_mask.png
286,089_FLAIR34_mask.png
287,089_FLAIR35_mask.png
288,089_FLAIR36_mask.png
289,089_FLAIR37_mask.png
290,089_FLAIR38_mask.png
291,089_FLAIR39_mask.png
292,089_FLAIR40_mask.png
293,089_FLAIR41_mask.png
294,090_FLAIR23_mask.png
295,090_FLAIR24_mask.png
296,090_FLAIR25_mask.png
297,090_FLAIR26_mask.png
298,090_FLAIR27_mask.png
299,090_FLAIR28_mask.png
300,090_FLAIR29_mask.png
301,090_FLAIR31_mask.png
302,090_FLAIR32_mask.png
303,090_FLAIR33_mask.png
304,090_FLAIR34_mask.png
305,090_FLAIR35_mask.png
306,090_FLAIR36_mask.png
307,090_FLAIR39_mask.png
308,090_FLAIR40_mask.png
309,091_FLAIR23_mask.png
310,091_FLAIR24_mask.png
311,091_FLAIR25_mask.png
312,091_FLAIR26_mask.png
313,091_FLAIR27_mask.png
314,091_FLAIR28_mask.png
315,091_FLAIR29_mask.png
316,091_FLAIR30_mask.png
317,091_FLAIR31_mask.png
318,091_FLAIR32_mask.png
319,091_FLAIR33_mask.png
320,091_FLAIR34_mask.png
321,091_FLAIR35_mask.png
322,091_FLAIR36_mask.png
323,091_FLAIR37_mask.png
324,091_FLAIR38_mask.png
325,091_FLAIR39_mask.png
326,092_FLAIR26_mask.png
327,092_FLAIR27_mask.png
328,092_FLAIR28_mask.png
329,092_FLAIR29_mask.png
330,092_FLAIR30_mask.png
331,092_FLAIR31_mask.png
332,092_FLAIR32_mask.png
333,093_FLAIR22_mask.png
334,093_FLAIR23_mask.png
335,093_FLAIR24_mask.png
336,093_FLAIR25_mask.png
337,093_FLAIR26_mask.png
338,093_FLAIR27_mask.png
339,093_FLAIR28_mask.png
340,093_FLAIR29_mask.png
341,093_FLAIR30_mask.png
342,093_FLAIR31_mask.png
343,093_FLAIR32_mask.png
344,093_FLAIR33_mask.png
345,093_FLAIR34_mask.png
346,093_FLAIR35_mask.png
347,093_FLAIR36_mask.png
348,093_FLAIR37_mask.png
349,093_FLAIR38_mask.png
350,094_FLAIR23_mask.png
351,094_FLAIR24_mask.png
352,094_FLAIR28_mask.png
353,094_FLAIR29_mask.png
354,094_FLAIR30_mask.png
355,094_FLAIR31_mask.png
356,094_FLAIR32_mask.png
357,094_FLAIR33_mask.png
358,094_FLAIR34_mask.png
359,094_FLAIR35_mask.png
360,094_FLAIR36_mask.png
361,094_FLAIR37_mask.png
362,095_FLAIR23_mask.png
363,095_FLAIR24_mask.png
364,095_FLAIR25_mask.png
365,095_FLAIR26_mask.png
366,095_FLAIR28_mask.png
367,095_FLAIR29_mask.png
368,095_FLAIR30_mask.png
369,095_FLAIR31_mask.png
370,096_FLAIR22_mask.png
371,096_FLAIR23_mask.png
372,096_FLAIR24_mask.png
373,096_FLAIR33_mask.png
374,096_FLAIR34_mask.png
375,096_FLAIR35_mask.png
376,096_FLAIR36_mask.png
377,097_FLAIR15_mask.png
378,097_FLAIR16_mask.png
379,097_FLAIR21_mask.png
380,097_FLAIR22_mask.png
381,097_FLAIR25_mask.png
382,097_FLAIR26_mask.png
383,097_FLAIR27_mask.png
384,097_FLAIR28_mask.png
385,097_FLAIR29_mask.png
386,097_FLAIR30_mask.png
387,097_FLAIR31_mask.png
388,097_FLAIR32_mask.png
389,097_FLAIR33_mask.png
390,097_FLAIR34_mask.png
391,097_FLAIR35_mask.png
392,097_FLAIR36_mask.png
393,097_FLAIR37_mask.png
394,097_FLAIR38_mask.png
395,097_FLAIR39_mask.png
396,099_FLAIR27_mask.png
397,099_FLAIR31_mask.png
398,099_FLAIR32_mask.png
399,099_FLAIR33_mask.png
400,099_FLAIR34_mask.png
401,099_FLAIR35_mask.png
402,099_FLAIR39_mask.png
403,101_FLAIR23_mask.png
404,101_FLAIR24_mask.png
405,101_FLAIR25_mask.png
406,101_FLAIR26_mask.png
407,101_FLAIR27_mask.png
408,101_FLAIR29_mask.png
409,101_FLAIR30_mask.png
410,101_FLAIR32_mask.png
411,101_FLAIR33_mask.png
412,102_FLAIR12_mask.png
413,102_FLAIR13_mask.png
414,102_FLAIR14_mask.png
415,102_FLAIR15_mask.png
416,102_FLAIR16_mask.png
417,102_FLAIR17_mask.png
418,102_FLAIR18_mask.png
419,102_FLAIR19_mask.png
420,102_FLAIR20_mask.png
421,102_FLAIR21_mask.png
422,102_FLAIR22_mask.png
423,102_FLAIR23_mask.png
424,102_FLAIR24_mask.png
425,102_FLAIR25_mask.png
426,102_FLAIR26_mask.png
427,102_FLAIR27_mask.png
428,102_FLAIR28_mask.png
429,102_FLAIR29_mask.png
430,102_FLAIR30_mask.png
431,102_FLAIR31_mask.png
432,102_FLAIR32_mask.png
433,102_FLAIR33_mask.png
434,102_FLAIR34_mask.png
435,102_FLAIR35_mask.png
436,102_FLAIR36_mask.png
437,102_FLAIR37_mask.png
438,103_FLAIR20_mask.png
439,103_FLAIR21_mask.png
440,103_FLAIR27_mask.png
441,103_FLAIR28_mask.png
442,103_FLAIR29_mask.png
443,103_FLAIR30_mask.png
444,103_FLAIR31_mask.png
445,103_FLAIR32_mask.png
446,104_FLAIR20_mask.png
447,104_FLAIR21_mask.png
448,104_FLAIR31_mask.png
449,104_FLAIR32_mask.png
450,105_FLAIR21_mask.png
451,105_FLAIR22_mask.png
452,105_FLAIR23_mask.png
453,105_FLAIR24_mask.png
454,105_FLAIR25_mask.png
455,105_FLAIR28_mask.png
456,105_FLAIR29_mask.png
457,105_FLAIR30_mask.png
458,105_FLAIR32_mask.png
459,105_FLAIR33_mask.png
460,105_FLAIR34_mask.png
461,105_FLAIR35_mask.png
462,105_FLAIR36_mask.png
463,105_FLAIR37_mask.png
464,106_FLAIR19_mask.png
465,106_FLAIR20_mask.png
466,106_FLAIR21_mask.png
467,106_FLAIR28_mask.png
468,106_FLAIR29_mask.png
469,106_FLAIR30_mask.png
470,106_FLAIR31_mask.png
471,106_FLAIR32_mask.png
472,106_FLAIR33_mask.png
473,106_FLAIR34_mask.png
474,106_FLAIR35_mask.png
475,106_FLAIR36_mask.png
476,107_FLAIR20_mask.png
477,107_FLAIR21_mask.png
478,107_FLAIR22_mask.png
479,107_FLAIR23_mask.png
480,107_FLAIR24_mask.png
481,107_FLAIR25_mask.png
482,107_FLAIR26_mask.png
483,107_FLAIR27_mask.png
484,107_FLAIR28_mask.png
485,107_FLAIR29_mask.png
486,107_FLAIR30_mask.png
487,107_FLAIR31_mask.png
488,107_FLAIR32_mask.png
489,107_FLAIR33_mask.png
490,107_FLAIR34_mask.png
491,107_FLAIR35_mask.png
492,107_FLAIR36_mask.png
493,107_FLAIR37_mask.png
494,107_FLAIR38_mask.png
495,108_FLAIR22_mask.png
496,108_FLAIR23_mask.png
497,108_FLAIR24_mask.png
498,108_FLAIR25_mask.png
499,108_FLAIR26_mask.png
500,108_FLAIR27_mask.png
501,108_FLAIR28_mask.png
502,108_FLAIR30_mask.png
503,108_FLAIR31_mask.png
504,108_FLAIR32_mask.png
505,108_FLAIR33_mask.png
506,108_FLAIR34_mask.png
507,108_FLAIR37_mask.png
508,108_FLAIR38_mask.png
509,109_FLAIR24_mask.png
510,109_FLAIR25_mask.png
511,109_FLAIR26_mask.png
512,109_FLAIR27_mask.png
513,109_FLAIR28_mask.png
514,109_FLAIR29_mask.png
515,109_FLAIR30_mask.png
516,109_FLAIR31_mask.png
517,109_FLAIR32_mask.png
518,109_FLAIR33_mask.png
519,109_FLAIR34_mask.png
520,120_FLAIR19_mask.png
521,120_FLAIR20_mask.png
522,120_FLAIR21_mask.png
523,120_FLAIR22_mask.png
524,120_FLAIR23_mask.png
525,120_FLAIR24_mask.png
526,120_FLAIR25_mask.png
527,120_FLAIR26_mask.png
528,120_FLAIR27_mask.png
529,120_FLAIR28_mask.png
530,120_FLAIR29_mask.png
531,120_FLAIR30_mask.png
532,120_FLAIR31_mask.png
533,120_FLAIR32_mask.png
534,120_FLAIR33_mask.png
535,120_FLAIR34_mask.png
536,120_FLAIR35_mask.png
